-- phpMyAdmin SQL Dump
-- version 5.2.0
-- https://www.phpmyadmin.net/
--
-- Hôte : 127.0.0.1
-- Généré le : jeu. 07 déc. 2023 à 12:03
-- Version du serveur : 10.4.27-MariaDB
-- Version de PHP : 7.4.33

SET SQL_MODE = "NO_AUTO_VALUE_ON_ZERO";
START TRANSACTION;
SET time_zone = "+00:00";


/*!40101 SET @OLD_CHARACTER_SET_CLIENT=@@CHARACTER_SET_CLIENT */;
/*!40101 SET @OLD_CHARACTER_SET_RESULTS=@@CHARACTER_SET_RESULTS */;
/*!40101 SET @OLD_COLLATION_CONNECTION=@@COLLATION_CONNECTION */;
/*!40101 SET NAMES utf8mb4 */;

--
-- Base de données : `m2_recommendation_divertissement`
--

-- --------------------------------------------------------

--
-- Structure de la table `api_ref`
--

CREATE TABLE `api_ref` (
  `id` int(11) NOT NULL,
  `url` varchar(255) DEFAULT NULL,
  `label` varchar(50) DEFAULT NULL
) ENGINE=InnoDB DEFAULT CHARSET=utf8mb4 COLLATE=utf8mb4_general_ci;

-- --------------------------------------------------------

--
-- Structure de la table `movie`
--

CREATE TABLE `movie` (
  `id` int(11) NOT NULL,
  `title` varchar(255) DEFAULT NULL,
  `description` varchar(255) DEFAULT NULL,
  `movie_is_from_API` tinyint(1) NOT NULL DEFAULT 0,
  `id_API` int(11) DEFAULT NULL
) ENGINE=InnoDB DEFAULT CHARSET=utf8mb4 COLLATE=utf8mb4_general_ci;

--
-- Déchargement des données de la table `movie`
--

INSERT INTO `movie` (`id`, `title`, `description`, `movie_is_from_API`, `id_API`) VALUES
(1, NULL, NULL, 1, 550),
(2, NULL, NULL, 1, 455),
(3, NULL, NULL, 1, 470),
(4, NULL, NULL, 1, 560),
(5, NULL, NULL, 1, 9401),
(6, NULL, NULL, 1, 1613),
(7, NULL, NULL, 1, 53658),
(8, NULL, NULL, 1, 429727),
(9, NULL, NULL, 1, 30949),
(10, NULL, NULL, 1, 18045),
(11, NULL, NULL, 1, 1045734),
(12, NULL, NULL, 1, 923368),
(13, NULL, NULL, 1, 39824),
(14, NULL, NULL, 1, 49568),
(15, NULL, NULL, 1, 28510),
(16, NULL, NULL, 1, 845844),
(17, NULL, NULL, 1, 622),
(18, NULL, NULL, 1, 467938),
(19, NULL, NULL, 1, 708),
(20, NULL, NULL, 1, 41952),
(21, NULL, NULL, 1, 14033),
(22, NULL, NULL, 1, 44435),
(23, NULL, NULL, 1, 28047),
(24, NULL, NULL, 1, 26405),
(25, NULL, NULL, 1, 44465),
(26, NULL, NULL, 1, 616558),
(27, NULL, NULL, 1, 343097),
(28, NULL, NULL, 1, 938596),
(29, NULL, NULL, 1, 138496),
(30, NULL, NULL, 1, 816977),
(31, NULL, NULL, 1, 432836),
(32, NULL, NULL, 1, 65364),
(33, NULL, NULL, 1, 767504),
(34, NULL, NULL, 1, 18190),
(35, NULL, NULL, 1, 39967),
(36, NULL, NULL, 1, 13436),
(37, NULL, NULL, 1, 1192856),
(38, NULL, NULL, 1, 32088),
(39, NULL, NULL, 1, 482114),
(40, NULL, NULL, 1, 660),
(41, NULL, NULL, 1, 14869),
(42, NULL, NULL, 1, 631842),
(43, NULL, NULL, 1, 1036561),
(44, NULL, NULL, 1, 75780),
(45, NULL, NULL, 1, 14782),
(46, NULL, NULL, 1, 1017396),
(47, NULL, NULL, 1, 2263),
(48, NULL, NULL, 1, 220286),
(49, NULL, NULL, 1, 251981),
(50, NULL, NULL, 1, 397837),
(51, NULL, NULL, 1, 1150112),
(52, NULL, NULL, 1, 1070777),
(53, NULL, NULL, 1, 840882),
(54, NULL, NULL, 1, 9320),
(55, NULL, NULL, 1, 9812),
(56, NULL, NULL, 1, 26203),
(57, NULL, NULL, 1, 14643),
(58, NULL, NULL, 1, 28327),
(59, NULL, NULL, 1, 367198),
(60, NULL, NULL, 1, 35402),
(61, NULL, NULL, 1, 5592),
(62, NULL, NULL, 1, 300839),
(63, NULL, NULL, 1, 486011),
(64, NULL, NULL, 1, 73818),
(65, NULL, NULL, 1, 641501),
(66, NULL, NULL, 1, 1153366),
(67, NULL, NULL, 1, 9885),
(68, NULL, NULL, 1, 811631),
(69, NULL, NULL, 1, 10145),
(70, NULL, NULL, 1, 463684),
(71, NULL, NULL, 1, 27932),
(72, NULL, NULL, 1, 70670),
(73, NULL, NULL, 1, 579828),
(74, NULL, NULL, 1, 20981),
(75, NULL, NULL, 1, 1008374),
(76, NULL, NULL, 1, 204046),
(77, NULL, NULL, 1, 567738),
(78, NULL, NULL, 1, 77029),
(79, NULL, NULL, 1, 41206),
(80, NULL, NULL, 1, 13333),
(81, NULL, NULL, 1, 37710),
(82, NULL, NULL, 1, 9753),
(83, NULL, NULL, 1, 118612),
(84, NULL, NULL, 1, 5550),
(85, NULL, NULL, 1, 21143),
(86, NULL, NULL, 1, 31924),
(87, NULL, NULL, 1, 28774),
(88, NULL, NULL, 1, 825672),
(89, NULL, NULL, 1, 30815),
(95, NULL, NULL, 1, 56),
(96, NULL, NULL, 1, 137409),
(97, NULL, NULL, 1, 9445),
(98, NULL, NULL, 1, 435841),
(99, NULL, NULL, 1, 4174),
(100, NULL, NULL, 1, 42995),
(101, NULL, NULL, 1, 717930),
(102, NULL, NULL, 1, 978870),
(103, NULL, NULL, 1, 913604),
(104, NULL, NULL, 1, 198663),
(105, NULL, NULL, 1, 635910),
(106, NULL, NULL, 1, 51179),
(107, NULL, NULL, 1, 45017),
(108, NULL, NULL, 1, 26334),
(109, NULL, NULL, 1, 27034),
(110, NULL, NULL, 1, 88953),
(111, NULL, NULL, 1, 11330),
(112, NULL, NULL, 1, 543343),
(113, NULL, NULL, 1, 13220),
(114, NULL, NULL, 1, 11368),
(115, NULL, NULL, 1, 10725),
(116, NULL, NULL, 1, 28560),
(117, NULL, NULL, 1, 606906),
(118, NULL, NULL, 1, 138665),
(119, NULL, NULL, 1, 26010),
(120, NULL, NULL, 1, 12505),
(121, NULL, NULL, 1, 52916),
(122, NULL, NULL, 1, 17456),
(123, NULL, NULL, 1, 61594),
(124, NULL, NULL, 1, 10046),
(125, NULL, NULL, 1, 14117),
(126, NULL, NULL, 1, 246724),
(127, NULL, NULL, 1, 326060),
(128, NULL, NULL, 1, 342579),
(129, NULL, NULL, 1, 278220),
(130, NULL, NULL, 1, 291716),
(131, NULL, NULL, 1, 663892),
(132, NULL, NULL, 1, 846789),
(133, NULL, NULL, 1, 25163),
(134, NULL, NULL, 1, 582624),
(135, NULL, NULL, 1, 631403),
(136, NULL, NULL, 1, 916283),
(137, NULL, NULL, 1, 378080),
(138, NULL, NULL, 1, 319669),
(139, NULL, NULL, 1, 24713),
(140, NULL, NULL, 1, 81382),
(141, NULL, NULL, 1, 459391),
(142, NULL, NULL, 1, 459172),
(143, NULL, NULL, 1, 459346),
(144, NULL, NULL, 1, 456793),
(145, NULL, NULL, 1, 457526),
(146, NULL, NULL, 1, 990691),
(147, NULL, NULL, 1, 241251),
(148, NULL, NULL, 1, 288158),
(149, NULL, NULL, 1, 6537),
(150, NULL, NULL, 1, 613099),
(151, NULL, NULL, 1, 62820),
(152, NULL, NULL, 1, 62114),
(153, NULL, NULL, 1, 62400),
(154, NULL, NULL, 1, 54647),
(155, NULL, NULL, 1, 46250),
(156, NULL, NULL, 1, 43902),
(157, NULL, NULL, 1, 604837),
(158, NULL, NULL, 1, 42345),
(159, NULL, NULL, 1, 2016),
(160, NULL, NULL, 1, 17771),
(161, NULL, NULL, 1, 577581),
(162, NULL, NULL, 1, 261202),
(163, NULL, NULL, 1, 386025),
(164, NULL, NULL, 1, 931971),
(165, NULL, NULL, 1, 1131303),
(166, NULL, NULL, 1, 431090),
(167, NULL, NULL, 1, 147829),
(168, NULL, NULL, 1, 1015154),
(169, NULL, NULL, 1, 628479),
(170, NULL, NULL, 1, 320590),
(171, NULL, NULL, 1, 566721),
(172, NULL, NULL, 1, 486826),
(173, NULL, NULL, 1, 545650),
(174, NULL, NULL, 1, 1021144),
(175, NULL, NULL, 1, 223928),
(176, NULL, NULL, 1, 245762),
(177, NULL, NULL, 1, 889779),
(178, NULL, NULL, 1, 947702),
(179, NULL, NULL, 1, 788971),
(180, NULL, NULL, 1, 397529),
(181, NULL, NULL, 1, 136701),
(182, NULL, NULL, 1, 522212),
(183, NULL, NULL, 1, 9664),
(184, NULL, NULL, 1, 5698),
(185, NULL, NULL, 1, 2576),
(186, NULL, NULL, 1, 559939),
(187, NULL, NULL, 1, 493952),
(188, NULL, NULL, 1, 263749),
(189, NULL, NULL, 1, 1105770),
(190, NULL, NULL, 1, 1163743),
(191, NULL, NULL, 1, 531403),
(192, NULL, NULL, 1, 521758),
(193, NULL, NULL, 1, 531049),
(194, NULL, NULL, 1, 524911),
(195, NULL, NULL, 1, 529836),
(196, NULL, NULL, 1, 106859),
(197, NULL, NULL, 1, 785777),
(198, NULL, NULL, 1, 202952),
(199, NULL, NULL, 1, 451133),
(200, NULL, NULL, 1, 75222),
(201, NULL, NULL, 1, 592638),
(202, NULL, NULL, 1, 404564),
(203, NULL, NULL, 1, 267196),
(204, NULL, NULL, 1, 564644),
(205, NULL, NULL, 1, 413708),
(206, NULL, NULL, 1, 316094),
(207, NULL, NULL, 1, 301932),
(208, NULL, NULL, 1, 600099),
(209, NULL, NULL, 1, 726341),
(210, NULL, NULL, 1, 411278),
(211, NULL, NULL, 1, 586947),
(212, NULL, NULL, 1, 305355),
(213, NULL, NULL, 1, 205032),
(214, NULL, NULL, 1, 103709),
(215, NULL, NULL, 1, 217479),
(216, NULL, NULL, 1, 280678),
(217, NULL, NULL, 1, 464645),
(218, NULL, NULL, 1, 81712),
(219, NULL, NULL, 1, 183340),
(220, NULL, NULL, 1, 75835),
(221, NULL, NULL, 1, 377777),
(222, NULL, NULL, 1, 376731),
(223, NULL, NULL, 1, 373035),
(224, NULL, NULL, 1, 378989),
(225, NULL, NULL, 1, 375761),
(226, NULL, NULL, 1, 21867),
(227, NULL, NULL, 1, 468816),
(228, NULL, NULL, 1, 15421),
(229, NULL, NULL, 1, 432301),
(230, NULL, NULL, 1, 449924),
(231, NULL, NULL, 1, 1125885),
(232, NULL, NULL, 1, 1117031),
(233, NULL, NULL, 1, 893763),
(234, NULL, NULL, 1, 1068407),
(235, NULL, NULL, 1, 892794),
(236, NULL, NULL, 1, 323650),
(237, NULL, NULL, 1, 282349),
(238, NULL, NULL, 1, 1204142),
(239, NULL, NULL, 1, 272814),
(240, NULL, NULL, 1, 278322),
(241, NULL, NULL, 1, 424782),
(242, NULL, NULL, 1, 593060),
(243, NULL, NULL, 1, 781063),
(244, NULL, NULL, 1, 562685),
(245, NULL, NULL, 1, 43811),
(246, NULL, NULL, 1, 824329),
(247, NULL, NULL, 1, 84243),
(248, NULL, NULL, 1, 212644),
(249, NULL, NULL, 1, 86520),
(250, NULL, NULL, 1, 72248),
(251, NULL, NULL, 1, 9023),
(252, NULL, NULL, 1, 408),
(253, NULL, NULL, 1, 35),
(254, NULL, NULL, 1, 20352),
(255, NULL, NULL, 1, 920),
(256, NULL, NULL, 1, 491121),
(257, NULL, NULL, 1, 352395),
(258, NULL, NULL, 1, 80695),
(259, NULL, NULL, 1, 73960),
(260, NULL, NULL, 1, 641736),
(261, NULL, NULL, 1, 36674),
(262, NULL, NULL, 1, 475631),
(263, NULL, NULL, 1, 155730),
(264, NULL, NULL, 1, 373457),
(265, NULL, NULL, 1, 956917),
(266, NULL, NULL, 1, 109423),
(267, NULL, NULL, 1, 483255),
(268, NULL, NULL, 1, 141008),
(269, NULL, NULL, 1, 536584),
(270, NULL, NULL, 1, 919695),
(271, NULL, NULL, 1, 778825),
(272, NULL, NULL, 1, 229151),
(273, NULL, NULL, 1, 228569),
(274, NULL, NULL, 1, 189593),
(275, NULL, NULL, 1, 253852),
(276, NULL, NULL, 1, 271973),
(277, NULL, NULL, 1, 142663),
(278, NULL, NULL, 1, 803741),
(279, NULL, NULL, 1, 1199058),
(280, NULL, NULL, 1, 443998),
(281, NULL, NULL, 1, 895968),
(282, NULL, NULL, 1, 881929),
(283, NULL, NULL, 1, 794824),
(284, NULL, NULL, 1, 577906),
(285, NULL, NULL, 1, 503263),
(286, NULL, NULL, 1, 639591),
(287, NULL, NULL, 1, 404583),
(288, NULL, NULL, 1, 280431),
(289, NULL, NULL, 1, 138657),
(290, NULL, NULL, 1, 617923),
(291, NULL, NULL, 1, 752352),
(292, NULL, NULL, 1, 405188),
(293, NULL, NULL, 1, 403781),
(294, NULL, NULL, 1, 312157),
(295, NULL, NULL, 1, 760041),
(296, NULL, NULL, 1, 656216),
(297, NULL, NULL, 1, 42246),
(298, NULL, NULL, 1, 9607),
(299, NULL, NULL, 1, 888),
(300, NULL, NULL, 1, 560050),
(301, NULL, NULL, 1, 1107387),
(302, NULL, NULL, 1, 285208),
(303, NULL, NULL, 1, 460207),
(304, NULL, NULL, 1, 260091),
(305, NULL, NULL, 1, 316822),
(306, NULL, NULL, 1, 272608),
(307, NULL, NULL, 1, 278798),
(308, NULL, NULL, 1, 271124),
(309, NULL, NULL, 1, 269404),
(310, NULL, NULL, 1, 270966),
(311, NULL, NULL, 1, 278818),
(312, NULL, NULL, 1, 467988),
(313, NULL, NULL, 1, 50577),
(314, NULL, NULL, 1, 29877),
(315, NULL, NULL, 1, 764079),
(316, NULL, NULL, 1, 1207153),
(317, NULL, NULL, 1, 322359),
(318, NULL, NULL, 1, 213299),
(319, NULL, NULL, 1, 871416),
(320, NULL, NULL, 1, 659750),
(321, NULL, NULL, 1, 722454),
(322, NULL, NULL, 1, 674587),
(323, NULL, NULL, 1, 599765),
(324, NULL, NULL, 1, 555683),
(325, NULL, NULL, 1, 460154),
(326, NULL, NULL, 1, 480810),
(327, NULL, NULL, 1, 72640),
(328, NULL, NULL, 1, 378858),
(329, NULL, NULL, 1, 333112),
(330, NULL, NULL, 1, 611014),
(331, NULL, NULL, 1, 100327),
(332, NULL, NULL, 1, 67708),
(333, NULL, NULL, 1, 1187435),
(334, NULL, NULL, 1, 583246),
(335, NULL, NULL, 1, 963757),
(336, NULL, NULL, 1, 383682),
(337, NULL, NULL, 1, 18762),
(338, NULL, NULL, 1, 1016011),
(339, NULL, NULL, 1, 610781),
(340, NULL, NULL, 1, 45407),
(341, NULL, NULL, 1, 569711),
(342, NULL, NULL, 1, 712178),
(343, NULL, NULL, 1, 21259),
(344, NULL, NULL, 1, 57564),
(345, NULL, NULL, 1, 58825),
(346, NULL, NULL, 1, 50373),
(347, NULL, NULL, 1, 385958),
(348, NULL, NULL, 1, 505003),
(349, NULL, NULL, 1, 54864),
(350, NULL, NULL, 1, 361746),
(351, NULL, NULL, 1, 7346),
(352, NULL, NULL, 1, 31939),
(353, NULL, NULL, 1, 475754),
(354, NULL, NULL, 1, 491761),
(355, NULL, NULL, 1, 10761),
(356, NULL, NULL, 1, 11259),
(357, NULL, NULL, 1, 21835),
(358, NULL, NULL, 1, 16222),
(359, NULL, NULL, 1, 540),
(360, NULL, NULL, 1, 430508),
(361, NULL, NULL, 1, 626327),
(362, NULL, NULL, 1, 237446),
(363, NULL, NULL, 1, 117618),
(364, NULL, NULL, 1, 62543),
(365, NULL, NULL, 1, 219572),
(366, NULL, NULL, 1, 16314),
(367, NULL, NULL, 1, 4283),
(368, NULL, NULL, 1, 10135),
(369, NULL, NULL, 1, 313943),
(370, NULL, NULL, 1, 13496),
(371, NULL, NULL, 1, 18666),
(372, NULL, NULL, 1, 46304),
(373, NULL, NULL, 1, 10616),
(374, NULL, NULL, 1, 238751),
(375, NULL, NULL, 1, 280299),
(376, NULL, NULL, 1, 116723),
(377, NULL, NULL, 1, 661334),
(378, NULL, NULL, 1, 488424),
(379, NULL, NULL, 1, 78155),
(380, NULL, NULL, 1, 865368),
(381, NULL, NULL, 1, 545957),
(382, NULL, NULL, 1, 51618),
(383, NULL, NULL, 1, 171106),
(384, NULL, NULL, 1, 226327),
(385, NULL, NULL, 1, 601329),
(386, NULL, NULL, 1, 356471),
(387, NULL, NULL, 1, 43501),
(388, NULL, NULL, 1, 272094),
(389, NULL, NULL, 1, 60810),
(390, NULL, NULL, 1, 107235),
(391, NULL, NULL, 1, 63945),
(392, NULL, NULL, 1, 747779),
(393, NULL, NULL, 1, 13196),
(394, NULL, NULL, 1, 1555),
(395, NULL, NULL, 1, 98549),
(396, NULL, NULL, 1, 261132),
(397, NULL, NULL, 1, 280928),
(398, NULL, NULL, 1, 107079),
(399, NULL, NULL, 1, 35568),
(400, NULL, NULL, 1, 21876),
(401, NULL, NULL, 1, 67203),
(402, NULL, NULL, 1, 14460),
(403, NULL, NULL, 1, 624779),
(404, NULL, NULL, 1, 17186),
(405, NULL, NULL, 1, 38700),
(406, NULL, NULL, 1, 290859),
(407, NULL, NULL, 1, 38575),
(408, NULL, NULL, 1, 324852),
(409, NULL, NULL, 1, 13475),
(410, NULL, NULL, 1, 271952),
(411, NULL, NULL, 1, 68479),
(412, NULL, NULL, 1, 109174),
(413, NULL, NULL, 1, 71308),
(414, NULL, NULL, 1, 130100),
(415, NULL, NULL, 1, 51995),
(416, NULL, NULL, 1, 50005),
(417, NULL, NULL, 1, 30778),
(418, NULL, NULL, 1, 41550),
(419, NULL, NULL, 1, 44695),
(420, NULL, NULL, 1, 139862),
(421, NULL, NULL, 1, 635302),
(422, NULL, NULL, 1, 603),
(423, NULL, NULL, 1, 926680),
(424, NULL, NULL, 1, 736526),
(425, NULL, NULL, 1, 13855),
(426, NULL, NULL, 1, 822119),
(427, NULL, NULL, 1, 8838),
(428, NULL, NULL, 1, 178),
(429, NULL, NULL, 1, 6068),
(430, NULL, NULL, 1, 298039),
(431, NULL, NULL, 1, 108794),
(432, NULL, NULL, 1, 102129),
(433, NULL, NULL, 1, 81573),
(434, NULL, NULL, 1, 26875),
(435, NULL, NULL, 1, 1058),
(436, NULL, NULL, 1, 23520),
(437, NULL, NULL, 1, 85949),
(438, NULL, NULL, 1, 10694),
(439, NULL, NULL, 1, 218381),
(440, NULL, NULL, 1, 173523),
(441, NULL, NULL, 1, 227336),
(442, NULL, NULL, 1, 604975),
(443, NULL, NULL, 1, 115201),
(444, NULL, NULL, 1, 20371),
(445, NULL, NULL, 1, 574840),
(446, NULL, NULL, 1, 279371),
(447, NULL, NULL, 1, 314833),
(448, NULL, NULL, 1, 885),
(449, NULL, NULL, 1, 47156),
(450, NULL, NULL, 1, 613504),
(451, NULL, NULL, 1, 50620),
(452, NULL, NULL, 1, 50619),
(453, NULL, NULL, 1, 350),
(454, NULL, NULL, 1, 321612),
(455, NULL, NULL, 1, 9499),
(456, NULL, NULL, 1, 13669),
(457, NULL, NULL, 1, 4629),
(458, NULL, NULL, 1, 42884),
(459, NULL, NULL, 1, 74643),
(460, NULL, NULL, 1, 29880),
(461, NULL, NULL, 1, 29846),
(462, NULL, NULL, 1, 100080),
(463, NULL, NULL, 1, 27964),
(464, NULL, NULL, 1, 468033),
(465, NULL, NULL, 1, 610209),
(466, NULL, NULL, 1, 24071),
(467, NULL, NULL, 1, 25431),
(468, NULL, NULL, 1, 822788),
(469, NULL, NULL, 1, 953233),
(470, NULL, NULL, 1, 85052),
(471, NULL, NULL, 1, 362140),
(472, NULL, NULL, 1, 25113),
(473, NULL, NULL, 1, 37975),
(474, NULL, NULL, 1, 252444),
(475, NULL, NULL, 1, 546794),
(476, NULL, NULL, 1, 288287),
(477, NULL, NULL, 1, 918487),
(478, NULL, NULL, 1, 30204),
(479, NULL, NULL, 1, 251979),
(480, NULL, NULL, 1, 280913),
(481, NULL, NULL, 1, 72400),
(482, NULL, NULL, 1, 1009263),
(483, NULL, NULL, 1, 425650),
(484, NULL, NULL, 1, 1543),
(485, NULL, NULL, 1, 46727),
(486, NULL, NULL, 1, 745905),
(487, NULL, NULL, 1, 525453),
(488, NULL, NULL, 1, 81699),
(489, NULL, NULL, 1, 70903),
(490, NULL, NULL, 1, 12186),
(491, NULL, NULL, 1, 14283),
(492, NULL, NULL, 1, 12090),
(493, NULL, NULL, 1, 24807),
(494, NULL, NULL, 1, 35558),
(495, NULL, NULL, 1, 111839),
(496, NULL, NULL, 1, 37964),
(497, NULL, NULL, 1, 449132),
(498, NULL, NULL, 1, 28966),
(499, NULL, NULL, 1, 11634),
(500, NULL, NULL, 1, 149490),
(501, NULL, NULL, 1, 117051),
(502, NULL, NULL, 1, 28201),
(503, NULL, NULL, 1, 354980),
(504, NULL, NULL, 1, 92424),
(505, NULL, NULL, 1, 3088),
(506, NULL, NULL, 1, 12689),
(507, NULL, NULL, 1, 24163),
(508, NULL, NULL, 1, 17993),
(509, NULL, NULL, 1, 394723),
(510, NULL, NULL, 1, 796849),
(511, NULL, NULL, 1, 858),
(512, NULL, NULL, 1, 6972),
(513, NULL, NULL, 1, 5689),
(514, NULL, NULL, 1, 768087),
(515, NULL, NULL, 1, 235984),
(516, NULL, NULL, 1, 13986),
(517, NULL, NULL, 1, 14688),
(518, NULL, NULL, 1, 1134596),
(519, NULL, NULL, 1, 1132191);

-- --------------------------------------------------------

--
-- Structure de la table `user`
--

CREATE TABLE `user` (
  `id` int(11) NOT NULL,
  `username` varchar(50) NOT NULL,
  `password` varchar(255) NOT NULL
) ENGINE=InnoDB DEFAULT CHARSET=utf8mb4 COLLATE=utf8mb4_general_ci;

--
-- Déchargement des données de la table `user`
--

INSERT INTO `user` (`id`, `username`, `password`) VALUES
(1, 'admin', '$2y$10$zN9YUcCxWyY1uc1lpdh2T.pvNmBi.0wS0cZsnjbG6nzQuPXm/lQYS'),
(2, 'root123', '$2y$10$hCcyZjhpRDwqCphIvuHZhe9Xpew.dbzyHSr4k39yge5WK6fKacoum'),
(3, 'laurent', '$2y$10$j0ZgUIEEzs0Dv4f0QNc4k.31EgPUlYKQ1Q8LeIHWUT1WXqUpi3K1C');

-- --------------------------------------------------------

--
-- Structure de la table `user_movie_relation`
--

CREATE TABLE `user_movie_relation` (
  `id` int(11) NOT NULL,
  `user_id` int(11) NOT NULL,
  `movie_id` int(11) NOT NULL,
  `rating` tinyint(4) DEFAULT NULL,
  `favourite` tinyint(1) NOT NULL DEFAULT 0,
  `rating_timestamp` datetime DEFAULT NULL,
  `favourite_timestamp` timestamp NULL DEFAULT NULL,
  `created_at` timestamp NOT NULL DEFAULT current_timestamp()
) ENGINE=InnoDB DEFAULT CHARSET=utf8mb4 COLLATE=utf8mb4_general_ci;

--
-- Déchargement des données de la table `user_movie_relation`
--

INSERT INTO `user_movie_relation` (`id`, `user_id`, `movie_id`, `rating`, `favourite`, `rating_timestamp`, `favourite_timestamp`, `created_at`) VALUES
(1, 1, 1, NULL, 0, NULL, NULL, '2023-11-30 09:36:54'),
(2, 1, 2, 4, 0, '2023-11-29 16:00:35', NULL, '2023-11-30 09:36:54'),
(3, 1, 3, 2, 0, '1899-10-05 10:37:35', NULL, '2023-11-30 09:36:54'),
(4, 1, 4, 5, 0, '2023-11-30 09:56:05', NULL, '2023-11-30 09:36:54'),
(5, 1, 247, NULL, 0, NULL, NULL, '2023-12-03 19:06:43'),
(6, 1, 248, NULL, 0, NULL, NULL, '2023-12-03 19:06:52'),
(7, 1, 253, NULL, 0, NULL, NULL, '2023-12-03 19:08:45'),
(8, 1, 252, NULL, 0, NULL, NULL, '2023-12-03 19:08:53'),
(9, 1, 255, NULL, 0, NULL, NULL, '2023-12-03 19:08:54'),
(10, 1, 279, NULL, 0, NULL, NULL, '2023-12-03 19:12:04'),
(11, 1, 282, NULL, 1, NULL, '2023-12-03 19:13:29', '2023-12-03 19:13:29'),
(12, 1, 289, NULL, 1, NULL, '2023-12-03 19:24:24', '2023-12-03 19:24:24'),
(13, 1, 288, NULL, 1, NULL, '2023-12-03 19:24:26', '2023-12-03 19:24:26'),
(14, 1, 286, NULL, 1, NULL, '2023-12-03 19:24:30', '2023-12-03 19:24:28'),
(15, 1, 291, NULL, 1, NULL, '2023-12-03 19:26:19', '2023-12-03 19:26:19'),
(16, 1, 297, NULL, 1, NULL, '2023-12-03 19:29:45', '2023-12-03 19:29:45'),
(17, 1, 298, NULL, 1, NULL, '2023-12-03 19:29:48', '2023-12-03 19:29:48'),
(18, 1, 301, NULL, 1, NULL, '2023-12-03 19:34:54', '2023-12-03 19:34:54'),
(19, 1, 304, NULL, 1, NULL, '2023-12-03 19:34:58', '2023-12-03 19:34:58'),
(20, 1, 311, NULL, 1, NULL, '2023-12-03 19:43:19', '2023-12-03 19:43:19'),
(21, 1, 315, NULL, 1, NULL, '2023-12-03 19:43:29', '2023-12-03 19:43:29'),
(22, 3, 321, NULL, 1, NULL, '2023-12-03 20:13:40', '2023-12-03 20:13:40'),
(23, 3, 323, NULL, 1, NULL, '2023-12-03 20:13:43', '2023-12-03 20:13:43'),
(24, 3, 325, NULL, 0, NULL, '2023-12-03 20:13:48', '2023-12-03 20:13:45'),
(25, 3, 329, NULL, 1, NULL, '2023-12-03 20:25:53', '2023-12-03 20:25:53'),
(26, 3, 332, NULL, 1, NULL, '2023-12-03 20:36:23', '2023-12-03 20:36:23'),
(27, 1, 340, NULL, 1, NULL, '2023-12-04 08:22:28', '2023-12-04 08:22:28'),
(28, 1, 344, NULL, 1, NULL, '2023-12-04 09:09:56', '2023-12-04 09:09:56'),
(29, 1, 368, NULL, 1, NULL, '2023-12-04 11:20:07', '2023-12-04 11:20:07'),
(30, 1, 372, NULL, 1, NULL, '2023-12-04 11:40:16', '2023-12-04 11:40:16'),
(31, 1, 421, NULL, 1, NULL, '2023-12-04 11:42:45', '2023-12-04 11:42:45');

-- --------------------------------------------------------

--
-- Structure de la table `user_recommendation_form_logs`
--

CREATE TABLE `user_recommendation_form_logs` (
  `id` int(11) NOT NULL,
  `user_id` int(11) NOT NULL,
  `user_humor` enum('happy','neutral','sad') DEFAULT NULL,
  `user_location_lat` decimal(10,8) DEFAULT NULL,
  `user_location_long` decimal(11,8) DEFAULT NULL,
  `user_location_weather_label` varchar(50) DEFAULT NULL,
  `user_location_weather_temperature` int(11) DEFAULT NULL,
  `form_submission_date` datetime DEFAULT current_timestamp()
) ENGINE=InnoDB DEFAULT CHARSET=utf8mb4 COLLATE=utf8mb4_general_ci;

--
-- Déchargement des données de la table `user_recommendation_form_logs`
--

INSERT INTO `user_recommendation_form_logs` (`id`, `user_id`, `user_humor`, `user_location_lat`, `user_location_long`, `user_location_weather_label`, `user_location_weather_temperature`, `form_submission_date`) VALUES
(1, 1, 'happy', '48.88657920', '2.29048320', 'Couvert', 1, '2023-12-01 16:34:11'),
(2, 1, 'sad', '48.88657920', '2.29048320', 'Couvert', 1, '2023-12-01 16:35:28'),
(3, 1, 'happy', '48.88609750', '2.29083720', 'Couvert', 3, '2023-12-01 16:38:05'),
(4, 1, 'neutral', '48.88657920', '2.29048320', 'Couvert', 2, '2023-12-01 16:39:50'),
(5, 1, 'sad', '48.88657920', '2.29048320', 'Couvert', 2, '2023-12-01 16:40:50'),
(6, 1, 'neutral', '48.88657920', '2.29048320', 'Couvert', 2, '2023-12-01 16:42:18'),
(7, 1, 'neutral', '48.88657920', '2.29048320', 'Couvert', 1, '2023-12-01 16:43:31'),
(8, 1, 'happy', '48.88657920', '2.29048320', 'Couvert', 1, '2023-12-01 16:45:59'),
(9, 1, 'neutral', '48.88610320', '2.29081520', 'Couvert', 2, '2023-12-01 16:48:38'),
(10, 1, 'happy', '48.86691840', '2.38223360', 'Couvert', 1, '2023-12-01 20:58:06'),
(11, 1, 'happy', '48.86691840', '2.38223360', 'Clair', -2, '2023-12-03 02:02:24'),
(12, 1, 'happy', '48.86691840', '2.38223360', 'Couvert', 2, '2023-12-03 12:46:26'),
(13, 1, 'happy', '48.87288110', '2.37950410', 'Couvert', 3, '2023-12-03 13:18:45'),
(14, 1, 'happy', '48.86691840', '2.38223360', 'Couvert', 3, '2023-12-03 13:26:15'),
(15, 1, 'sad', '48.86691840', '2.38223360', 'Couvert', 3, '2023-12-03 13:54:45'),
(16, 1, 'neutral', '48.86691840', '2.38223360', 'Couvert', 3, '2023-12-03 14:12:04'),
(17, 1, 'happy', '48.86691840', '2.38223360', 'Couvert', 3, '2023-12-03 14:39:57'),
(18, 1, 'sad', '48.86691840', '2.38223360', 'Couvert', 4, '2023-12-03 14:48:24'),
(19, 1, 'happy', '48.86691840', '2.38223360', 'Partiellement nuageux', 3, '2023-12-03 14:56:38'),
(20, 1, 'sad', '48.87286570', '2.37955630', 'Clair', 2, '2023-12-03 18:43:38'),
(21, 1, 'happy', '48.87286490', '2.37953350', 'Clair', 2, '2023-12-03 19:16:30'),
(22, 1, 'neutral', '48.87286100', '2.37953210', 'Clair', 2, '2023-12-03 19:16:45'),
(23, 1, 'sad', '48.87286860', '2.37952370', 'Clair', 2, '2023-12-03 20:02:53'),
(24, 1, 'sad', '48.86691840', '2.38223360', 'Clair', 2, '2023-12-03 20:03:54'),
(25, 1, 'sad', '48.86691840', '2.38223360', 'Clair', 2, '2023-12-03 20:04:06'),
(26, 1, 'sad', '48.86691840', '2.38223360', 'Clair', 2, '2023-12-03 20:06:36'),
(27, 1, 'happy', '48.86691840', '2.38223360', 'Clair', 2, '2023-12-03 20:08:41'),
(28, 1, 'happy', '48.86691840', '2.38223360', 'Clair', 2, '2023-12-03 20:11:19'),
(29, 1, 'happy', '48.86691840', '2.38223360', 'Clair', 2, '2023-12-03 20:11:48'),
(30, 1, 'sad', '48.87288010', '2.37955230', 'Clair', 2, '2023-12-03 20:11:57'),
(31, 1, 'sad', '48.87288010', '2.37955230', 'Clair', 2, '2023-12-03 20:13:21'),
(32, 1, 'sad', '48.86691840', '2.38223360', 'Clair', 2, '2023-12-03 20:24:19'),
(33, 1, 'neutral', '48.86691840', '2.38223360', 'Clair', 2, '2023-12-03 20:26:10'),
(34, 1, 'happy', '48.86691840', '2.38223360', 'Clair', 2, '2023-12-03 20:29:41'),
(35, 1, 'happy', '48.86691840', '2.38223360', 'Clair', 2, '2023-12-03 20:34:50'),
(36, 1, 'neutral', '48.86691840', '2.38223360', 'Clair', 2, '2023-12-03 20:35:59'),
(37, 1, 'happy', '48.87287760', '2.37952040', 'Clair', 2, '2023-12-03 20:43:17'),
(38, 3, 'happy', '48.87286920', '2.37953090', 'Clair', 2, '2023-12-03 21:13:22'),
(39, 3, 'sad', '48.87286920', '2.37953090', 'Clair', 2, '2023-12-03 21:13:34'),
(40, 3, 'happy', '48.86691840', '2.38223360', 'Clair', 2, '2023-12-03 21:25:46'),
(41, 3, 'happy', '48.87289130', '2.37950810', 'Clair', 2, '2023-12-03 21:35:32'),
(42, 1, 'happy', '48.94405090', '2.36309430', 'Pluie modérée', 4, '2023-12-04 09:22:13'),
(43, 1, 'sad', '48.94401330', '2.36343420', 'Pluie modérée', 4, '2023-12-04 10:09:49'),
(44, 1, 'neutral', '48.94654720', '2.36322420', 'Pluie modérée', 4, '2023-12-04 10:13:04'),
(45, 1, 'happy', '48.94401030', '2.36342290', 'Pluie modérée', 4, '2023-12-04 10:52:29'),
(46, 1, 'neutral', '48.94402080', '2.36340610', 'Pluie modérée', 6, '2023-12-04 12:19:37'),
(47, 1, 'neutral', '48.94402520', '2.36339020', 'Pluie modérée', 6, '2023-12-04 12:40:03'),
(48, 1, 'happy', '48.94402520', '2.36339020', 'Pluie modérée', 6, '2023-12-04 12:40:28'),
(49, 1, 'neutral', '48.94402440', '2.36340840', 'Pluie modérée', 6, '2023-12-04 12:42:04'),
(50, 1, 'neutral', '48.94403890', '2.36340900', 'Pluie modérée', 6, '2023-12-04 12:43:14'),
(51, 1, 'happy', '48.94403890', '2.36340900', 'Pluie modérée', 6, '2023-12-04 12:43:52');

-- --------------------------------------------------------

--
-- Structure de la table `user_recommendation_history`
--

CREATE TABLE `user_recommendation_history` (
  `id` int(11) NOT NULL,
  `form_log_id` int(11) NOT NULL,
  `movie_id` int(11) NOT NULL
) ENGINE=InnoDB DEFAULT CHARSET=utf8mb4 COLLATE=utf8mb4_general_ci;

--
-- Déchargement des données de la table `user_recommendation_history`
--

INSERT INTO `user_recommendation_history` (`id`, `form_log_id`, `movie_id`) VALUES
(1, 14, 101),
(2, 14, 102),
(3, 14, 105),
(4, 14, 104),
(5, 14, 103),
(6, 14, 106),
(7, 14, 107),
(8, 14, 109),
(9, 14, 108),
(10, 14, 110),
(11, 14, 111),
(12, 14, 112),
(13, 14, 113),
(14, 14, 114),
(15, 14, 115),
(16, 14, 117),
(17, 14, 116),
(18, 14, 119),
(19, 14, 118),
(20, 14, 120),
(21, 15, 121),
(22, 15, 122),
(23, 15, 123),
(24, 15, 124),
(25, 15, 125),
(26, 15, 129),
(27, 15, 128),
(28, 15, 127),
(29, 15, 130),
(30, 15, 126),
(31, 16, 131),
(32, 16, 132),
(33, 16, 133),
(34, 16, 134),
(35, 16, 135),
(36, 17, 136),
(37, 17, 137),
(38, 17, 138),
(39, 17, 139),
(40, 17, 140),
(41, 18, 141),
(42, 18, 142),
(43, 18, 143),
(44, 18, 144),
(45, 18, 145),
(46, 19, 146),
(47, 19, 147),
(48, 19, 148),
(49, 19, 149),
(50, 19, 150),
(51, 20, 151),
(52, 20, 152),
(53, 20, 153),
(54, 20, 154),
(55, 20, 155),
(56, 20, 156),
(57, 20, 157),
(58, 20, 158),
(59, 20, 159),
(60, 20, 160),
(61, 20, 161),
(62, 20, 162),
(63, 20, 163),
(64, 20, 164),
(65, 20, 165),
(66, 20, 166),
(67, 20, 167),
(68, 20, 168),
(69, 20, 169),
(70, 20, 170),
(71, 20, 171),
(72, 20, 173),
(73, 20, 172),
(74, 20, 175),
(75, 20, 174),
(76, 20, 177),
(77, 20, 176),
(78, 20, 178),
(79, 20, 180),
(80, 20, 179),
(81, 20, 181),
(82, 20, 182),
(83, 20, 183),
(84, 20, 184),
(85, 20, 185),
(86, 20, 186),
(87, 20, 187),
(88, 20, 188),
(89, 20, 189),
(90, 20, 190),
(91, 20, 191),
(92, 20, 193),
(93, 20, 194),
(94, 20, 192),
(95, 20, 195),
(96, 20, 196),
(97, 20, 197),
(98, 20, 198),
(99, 20, 199),
(100, 20, 200),
(101, 20, 201),
(102, 20, 202),
(103, 20, 204),
(104, 20, 205),
(105, 20, 203),
(106, 20, 206),
(107, 20, 207),
(108, 20, 208),
(109, 20, 210),
(110, 20, 209),
(111, 21, 211),
(112, 21, 215),
(113, 21, 214),
(114, 21, 212),
(115, 21, 213),
(116, 22, 216),
(117, 22, 219),
(118, 22, 218),
(119, 22, 217),
(120, 22, 220),
(121, 22, 221),
(122, 22, 222),
(123, 22, 223),
(124, 22, 224),
(125, 22, 225),
(126, 23, 226),
(127, 23, 227),
(128, 23, 228),
(129, 23, 229),
(130, 23, 230),
(131, 23, 231),
(132, 23, 232),
(133, 23, 233),
(134, 23, 234),
(135, 23, 235),
(136, 24, 236),
(137, 24, 237),
(138, 24, 238),
(139, 24, 239),
(140, 24, 240),
(141, 25, 241),
(142, 25, 242),
(143, 25, 243),
(144, 25, 244),
(145, 25, 245),
(146, 26, 246),
(147, 26, 247),
(148, 26, 249),
(149, 26, 248),
(150, 26, 250),
(151, 27, 251),
(152, 27, 252),
(153, 27, 253),
(154, 27, 254),
(155, 27, 255),
(156, 28, 256),
(157, 28, 257),
(158, 28, 258),
(159, 28, 259),
(160, 28, 260),
(161, 28, 261),
(162, 28, 262),
(163, 28, 263),
(164, 28, 264),
(165, 28, 265),
(166, 28, 266),
(167, 28, 267),
(168, 28, 269),
(169, 28, 268),
(170, 28, 270),
(171, 29, 271),
(172, 29, 272),
(173, 29, 273),
(174, 29, 274),
(175, 29, 275),
(176, 30, 276),
(177, 30, 277),
(178, 30, 279),
(179, 30, 278),
(180, 30, 280),
(181, 31, 281),
(182, 31, 282),
(183, 31, 285),
(184, 31, 284),
(185, 31, 283),
(186, 32, 286),
(187, 32, 289),
(188, 32, 290),
(189, 32, 288),
(190, 32, 287),
(191, 33, 291),
(192, 33, 293),
(193, 33, 292),
(194, 33, 294),
(195, 33, 295),
(196, 34, 296),
(197, 34, 297),
(198, 34, 298),
(199, 34, 299),
(200, 34, 300),
(201, 35, 301),
(202, 35, 303),
(203, 35, 302),
(204, 35, 305),
(205, 35, 304),
(206, 36, 306),
(207, 36, 307),
(208, 36, 309),
(209, 36, 308),
(210, 36, 310),
(211, 37, 311),
(212, 37, 312),
(213, 37, 313),
(214, 37, 314),
(215, 37, 315),
(216, 38, 316),
(217, 38, 317),
(218, 38, 318),
(219, 38, 319),
(220, 38, 320),
(221, 39, 321),
(222, 39, 322),
(223, 39, 323),
(224, 39, 325),
(225, 39, 324),
(226, 40, 326),
(227, 40, 327),
(228, 40, 328),
(229, 40, 329),
(230, 40, 330),
(231, 41, 331),
(232, 41, 332),
(233, 41, 333),
(234, 41, 334),
(235, 41, 335),
(236, 42, 336),
(237, 42, 337),
(238, 42, 338),
(239, 42, 339),
(240, 42, 340),
(241, 43, 160),
(242, 43, 341),
(243, 43, 342),
(244, 43, 343),
(245, 43, 344),
(246, 44, 345),
(247, 44, 346),
(248, 44, 349),
(249, 44, 348),
(250, 44, 347),
(251, 45, 350),
(252, 45, 351),
(253, 45, 352),
(254, 45, 353),
(255, 45, 354),
(256, 45, 355),
(257, 45, 356),
(258, 45, 358),
(259, 45, 357),
(260, 45, 359),
(261, 45, 360),
(262, 45, 361),
(263, 45, 362),
(264, 45, 363),
(265, 45, 364),
(266, 46, 365),
(267, 46, 366),
(268, 46, 367),
(269, 46, 368),
(270, 46, 369),
(271, 47, 370),
(272, 47, 371),
(273, 47, 372),
(274, 47, 373),
(275, 47, 374),
(276, 48, 375),
(277, 48, 377),
(278, 48, 376),
(279, 48, 378),
(280, 48, 379),
(281, 48, 380),
(282, 48, 382),
(283, 48, 383),
(284, 48, 381),
(285, 48, 384),
(286, 48, 385),
(287, 48, 386),
(288, 48, 387),
(289, 48, 388),
(290, 48, 389),
(291, 48, 390),
(292, 48, 391),
(293, 48, 392),
(294, 48, 393),
(295, 48, 394),
(296, 49, 395),
(297, 49, 396),
(298, 49, 397),
(299, 49, 398),
(300, 49, 399),
(301, 49, 400),
(302, 49, 401),
(303, 49, 402),
(304, 49, 403),
(305, 49, 404),
(306, 49, 405),
(307, 49, 406),
(308, 49, 407),
(309, 49, 408),
(310, 49, 409),
(311, 49, 410),
(312, 49, 411),
(313, 49, 412),
(314, 49, 414),
(315, 49, 413),
(316, 49, 405),
(317, 49, 406),
(318, 49, 409),
(319, 49, 408),
(320, 49, 407),
(321, 49, 415),
(322, 49, 417),
(323, 49, 416),
(324, 49, 418),
(325, 49, 419),
(326, 49, 420),
(327, 49, 421),
(328, 49, 422),
(329, 49, 423),
(330, 49, 424),
(331, 50, 425),
(332, 50, 426),
(333, 50, 427),
(334, 50, 428),
(335, 50, 429),
(336, 50, 430),
(337, 50, 431),
(338, 50, 432),
(339, 50, 433),
(340, 50, 434),
(341, 50, 435),
(342, 50, 438),
(343, 50, 436),
(344, 50, 437),
(345, 50, 439),
(346, 50, 440),
(347, 50, 443),
(348, 50, 441),
(349, 50, 442),
(350, 50, 444),
(351, 51, 445),
(352, 51, 446),
(353, 51, 449),
(354, 51, 447),
(355, 51, 448),
(356, 51, 450),
(357, 51, 452),
(358, 51, 454),
(359, 51, 453),
(360, 51, 451),
(361, 51, 455),
(362, 51, 456),
(363, 51, 457),
(364, 51, 458),
(365, 51, 459),
(366, 51, 460),
(367, 51, 461),
(368, 51, 462),
(369, 51, 463),
(370, 51, 464),
(371, 51, 465),
(372, 51, 466),
(373, 51, 467),
(374, 51, 469),
(375, 51, 468),
(376, 51, 470),
(377, 51, 472),
(378, 51, 473),
(379, 51, 471),
(380, 51, 474),
(381, 51, 386),
(382, 51, 385),
(383, 51, 387),
(384, 51, 388),
(385, 51, 389),
(386, 51, 475),
(387, 51, 476),
(388, 51, 477),
(389, 51, 478),
(390, 51, 479),
(391, 51, 480),
(392, 51, 481),
(393, 51, 483),
(394, 51, 482),
(395, 51, 484),
(396, 51, 485),
(397, 51, 486),
(398, 51, 488),
(399, 51, 487),
(400, 51, 489),
(401, 51, 490),
(402, 51, 491),
(403, 51, 492),
(404, 51, 494),
(405, 51, 493),
(406, 51, 465),
(407, 51, 468),
(408, 51, 466),
(409, 51, 469),
(410, 51, 467),
(411, 51, 495),
(412, 51, 497),
(413, 51, 498),
(414, 51, 496),
(415, 51, 499),
(416, 51, 500),
(417, 51, 503),
(418, 51, 501),
(419, 51, 502),
(420, 51, 504),
(421, 51, 505),
(422, 51, 508),
(423, 51, 506),
(424, 51, 507),
(425, 51, 509),
(426, 51, 510),
(427, 51, 511),
(428, 51, 514),
(429, 51, 513),
(430, 51, 512),
(431, 51, 516),
(432, 51, 515),
(433, 51, 519),
(434, 51, 517),
(435, 51, 518);

--
-- Index pour les tables déchargées
--

--
-- Index pour la table `api_ref`
--
ALTER TABLE `api_ref`
  ADD PRIMARY KEY (`id`);

--
-- Index pour la table `movie`
--
ALTER TABLE `movie`
  ADD PRIMARY KEY (`id`);

--
-- Index pour la table `user`
--
ALTER TABLE `user`
  ADD PRIMARY KEY (`id`);

--
-- Index pour la table `user_movie_relation`
--
ALTER TABLE `user_movie_relation`
  ADD PRIMARY KEY (`id`),
  ADD KEY `user_id` (`user_id`),
  ADD KEY `movie_id` (`movie_id`);

--
-- Index pour la table `user_recommendation_form_logs`
--
ALTER TABLE `user_recommendation_form_logs`
  ADD PRIMARY KEY (`id`),
  ADD KEY `user_id` (`user_id`);

--
-- Index pour la table `user_recommendation_history`
--
ALTER TABLE `user_recommendation_history`
  ADD PRIMARY KEY (`id`),
  ADD KEY `form_log_id` (`form_log_id`),
  ADD KEY `movie_id` (`movie_id`);

--
-- AUTO_INCREMENT pour les tables déchargées
--

--
-- AUTO_INCREMENT pour la table `api_ref`
--
ALTER TABLE `api_ref`
  MODIFY `id` int(11) NOT NULL AUTO_INCREMENT;

--
-- AUTO_INCREMENT pour la table `movie`
--
ALTER TABLE `movie`
  MODIFY `id` int(11) NOT NULL AUTO_INCREMENT, AUTO_INCREMENT=520;

--
-- AUTO_INCREMENT pour la table `user`
--
ALTER TABLE `user`
  MODIFY `id` int(11) NOT NULL AUTO_INCREMENT, AUTO_INCREMENT=4;

--
-- AUTO_INCREMENT pour la table `user_movie_relation`
--
ALTER TABLE `user_movie_relation`
  MODIFY `id` int(11) NOT NULL AUTO_INCREMENT, AUTO_INCREMENT=32;

--
-- AUTO_INCREMENT pour la table `user_recommendation_form_logs`
--
ALTER TABLE `user_recommendation_form_logs`
  MODIFY `id` int(11) NOT NULL AUTO_INCREMENT, AUTO_INCREMENT=52;

--
-- AUTO_INCREMENT pour la table `user_recommendation_history`
--
ALTER TABLE `user_recommendation_history`
  MODIFY `id` int(11) NOT NULL AUTO_INCREMENT, AUTO_INCREMENT=436;

--
-- Contraintes pour les tables déchargées
--

--
-- Contraintes pour la table `user_movie_relation`
--
ALTER TABLE `user_movie_relation`
  ADD CONSTRAINT `user_movie_relation_ibfk_1` FOREIGN KEY (`user_id`) REFERENCES `user` (`id`),
  ADD CONSTRAINT `user_movie_relation_ibfk_2` FOREIGN KEY (`movie_id`) REFERENCES `movie` (`id`);

--
-- Contraintes pour la table `user_recommendation_form_logs`
--
ALTER TABLE `user_recommendation_form_logs`
  ADD CONSTRAINT `user_recommendation_form_logs_ibfk_1` FOREIGN KEY (`user_id`) REFERENCES `user` (`id`);

--
-- Contraintes pour la table `user_recommendation_history`
--
ALTER TABLE `user_recommendation_history`
  ADD CONSTRAINT `user_recommendation_history_ibfk_1` FOREIGN KEY (`form_log_id`) REFERENCES `user_recommendation_form_logs` (`id`),
  ADD CONSTRAINT `user_recommendation_history_ibfk_2` FOREIGN KEY (`movie_id`) REFERENCES `movie` (`id`);
COMMIT;

/*!40101 SET CHARACTER_SET_CLIENT=@OLD_CHARACTER_SET_CLIENT */;
/*!40101 SET CHARACTER_SET_RESULTS=@OLD_CHARACTER_SET_RESULTS */;
/*!40101 SET COLLATION_CONNECTION=@OLD_COLLATION_CONNECTION */;
